Row No.,BreachedEntity,Notific Sent,DateStart,ResidentsAffected,Total Affected,StateAffected
1,Academy Mortgage Corporation,2023-12-20,2023-03-21,4984,284443,IN
2,Ace Hardware Corporation,2024-04-01,2023-10-27,15,7295,IN
3,Active Family Chiropractic LLC,2024-01-27,2024-01-21,1,1,IN
4,"AGC America, Inc",2024-02-12,2023-12-12,88,20415,IN
5,"Alan Ritchey, Inc",2024-04-12,2024-02-06,1760,12885,IN
6,"Albertsons Companies, Inc",2024-02-09,2023-12-19,2,457,IN
7,Alexander Dennis Limited,2023-12-15,2023-12-05,314,3239,IN
8,"Alliance Solutions Group, LLC",2024-03-01,2023-05-30,452,119261,IN
9,"Alpha Media Holdings, Inc",2024-01-12,2023-05-31,1,2,IN
10,"American Alarm & Communications, Inc",2024-02-01,2023-11-28,1,942,IN
11,American Engineers Inc,2024-04-25,2023-10-12,2,121,IN
12,American Farmland Trust,2023-04-02,2023-05-12,13,1503,IN
13,American Meat Companies,2024-01-10,2023-07-19,2,1869,IN
14,American Senior Communities,2024-02-02,2023-12-11,3,3,IN
15,American Senior Communities,2024-04-12,2024-03-20,2,2,IN
16,American Senior Communities,2023-07-25,2023-07-25,1,1,IN
17,American Senior Communities,2024-04-09,2024-03-09,3,3,IN
18,American Senior Communities,,2023-08-14,1,1,IN
19,"Ameriprise Financial, Inc",2024-02-07,2023-12-16,35,42,IN
20,Amerit Fleet Solutions,2024-04-26,2024-01-21,52,1912,IN
21,Amerlux LLC,2024-04-22,2024-03-07,2,574,IN
22,Ammega US Inc,2024-04-12,2023-12-07,2,1186,IN
23,"Amwins Group, Inc",2023-12-29,2023-05-31,44,7224,IN
24,"APEO, LLC",2024-02-22,2023-04-25,468,12053,IN
25,"APSCO, LLC",2023-04-11,2023-11-23,6,984,IN
26,Arch Capital Services LLC,2024-01-25,2023-05-27,31,7036,IN
27,Archdiocese of Detroit,2024-01-10,,5,8035,IN
28,Arden Claims Service LLC,2024-01-17,2023-10-05,17,50032,IN
29,Arena Products Inc,2024-04-24,2023-11-07,1,1105,IN
30,Aria Care Partners,2024-01-19,2023-05-12,53,28866,IN
31,Arrowhead Regional Computing Consortium,2023-01-11,2023-02-06,76,65010,IN
32,ASA Electronics,2024-02-16,2024-02-04,313,376,IN
33,Asbury Automotive Group,2024-04-24,2023-12-25,1973,41571,IN
34,"Ascend Dedicated, LLC dba Dedicated Transporatation Solutions",2024-03-14,2023-12-13,19,6554,IN
35,Ascension St Vincent,2024-03-06,2020-12-08,1,1,IN
36,"Ashford, Inc",2024-01-19,2023-09-07,2398,46906,IN
37,Aspire Health Alliance,2024-04-26,2023-09-13,4,17490,IN
38,"Assist System, LLC and Medjet Assistance LLC",2024-01-05,2023-10-17,4,478,IN
39,Associated Wholesale Grocers,2024-04-29,2023-10-06,82,26579,IN
40,AT&T Inc,2024-04-09,,1437078,51226382,IN
41,Athletic Trainer System,2024-01-09,,20,,IN
42,Atlanta Technical College,2024-04-17,2023-08-15,1,1523,IN
43,"B&B Italia, USA, Inc",2023-12-29,2023-07-18,1,266,IN
44,B&E Painting Inc,2024-02-14,2023-12-05,64,64,IN
45,"Bacon-Universal Holdings, LLC",2024-02-23,2023-08-18,2,3561,IN
46,"Bake 'N Joy Foods, Inc",2024-01-24,2021-11-24,285,21914,IN
47,Baker Drywall Partnership LLP,2024-04-17,2024-02-03,3,15893,IN
48,B and B Electric Inc,2024-02-20,2024-01-17,3,1019,IN
49,Bankers Life and Casualty Company,2024-01-26,2023-11-28,1710,45842,IN
50,"Bank of America, N.A",2024-02-01,2023-10-29,479,57028,IN
51,Barclays Bank Delaware,2024-02-23,2024-01-25,1,1,IN
52,"Bartlett Dairy, Inc",2024-03-26,2023-06-21,3,5493,IN
53,BCBSIL,,2023-11-05,1,1,IN
54,Beacon Specialized Living,2024-02-02,2023-05-08,42,6915,IN
55,Becker Logistics LLC,2024-02-06,2024-01-05,8,503,IN
56,Berger Montague P C,2024-03-08,2023-06-26,2,35,IN
57,"Berry ,Dunn, McNeil & Parker, LLC",2024-04-25,2023-09-12,5,6395,IN
58,Bethany Congregational Church,2024-03-05,2023-10-12,1,134,IN
59,Bethel School District,2024-03-18,2024-02-12,1,28844,IN
60,BioLife Plasma Services L P,2024-03-18,2024-01-31,2070,39709,IN
61,Bi-State Development,2024-01-11,2023-10-01,35,7106,IN
62,Blackburn College,2024-03-05,2023-12-14,36,3039,IN
63,Blackstone Valley Community Health Center,2024-04-18,2023-11-10,7,34416,IN
64,"Bliss Manufacturing Company, Inc",2024-04-03,2024-01-08,8,288,IN
65,Bloomington Regional Rehabilitation Hospital,2024-03-29,2024-01-16,220,221,IN
66,"Bluedot, Inc",2024-04-01,2023-01-31,1,4,IN
67,"BodyHealth, LLC",2024-03-11,2024-01-10,42,2222,IN
68,"Borshoff Consulting, LLC",2023-01-26,2023-10-03,20,20,IN
69,Bousquet Holstein PLLC,2024-04-29,2023-09-25,15,12690,IN
70,"Boys & Girls Club of Salem, Marion and Polk Counties",2023-12-22,,1,329,IN
71,"Bradford-Scott Data, LLC on behalf of La Porte Community Federal Credit Union",2024-02-28,2023-05-19,1945,35736,IN
72,Bristol Bay Construction Holdings,2024-04-09,2023-11-06,6,852,IN
73,Brunswick Corporation/Mercury Marine Division,2024-02-09,2023-12-19,3,3,IN
74,Buckley King LPA,2023-12-26,2023-04-11,480,15282,IN
75,BuildingLink.com LLC,2024-03-08,2022-08-28,2,238,IN
76,Bunker Hill Community College,2023-12-29,2023-05-22,65,195588,IN
77,Burr & Forman LLP,2024-01-09,2023-09-30,20,19893,IN
78,"Butler, Lavanceau, & Sober LLC",2024-04-17,2024-02-20,5,3370,IN
79,Butler County Pennsylvania,2024-02-21,2023-10-02,4,6748,IN
80,Butler University,2024-04-11,2020-01-01,671,1871,IN
81,Butte School District,2023-12-19,2023-11-04,2,2658,IN
82,CAIRE Inc,2024-03-05,2023-02-11,12,2607,IN
83,Calvary Chapel of Modesto,2024-01-22,2023-10-03,1,122,IN
84,Camino Nuevo Charter Academy,,2023-07-20,2,7916,IN
85,"Campbell Killin Brittan & Ray, LLC",2024-03-21,2023-07-10,17,4448,IN
86,Capital One,2024-03-26,2023-06-11,3,23,IN
87,Capital One,2024-03-26,2023-06-11,3,23,IN
88,Capitol Credit Union,2023-04-16,2023-12-19,2,754,IN
89,Carl Buddig and Company,2024-04-17,2023-04-10,2001,11830,IN
90,Carle Foundation Hospital,2024-02-06,2022-06-20,1,14,IN
91,Carneigie Mellon University,2024-01-12,2023-08-24,35,7343,IN
92,Catholic Charities CYO of The Archdiocese of San Francisco,2024-03-29,,2,2001,IN
93,Catholic Charities of the Archdiocese of Chicago,2024-05-01,2023-07-09,2,5501,IN
94,Catholic Diocese of Cleveland,2024-04-29,2023-12-14,4,9859,IN
95,CCM Health,2024-03-12,2023-04-03,2,29182,IN
96,CellNetix Pathology and Laboratories,2023-01-08,2023-12-10,1,1,IN
97,Cherry Street Services Inc,2024-04-16,2023-12-21,89,184372,IN
98,"Church of the Highlands, Inc and Highlands College",2024-02-26,2023-11-14,3,3590,IN
99,Citizens Property Insurance Corp,2024-04-17,2024-01-04,32,4948,IN
100,Citrin Cooperman Advisors LLC,2023-12-06,2023-11-07,5,7018,IN
101,Citrus Connection,2024-04-11,2023-10-03,1,798,IN
102,City Facilities Management (US) LLC,2023-12-28,2023-05-31,3,1854,IN
103,City of Clemson South Carolina,2024-02-07,2023-10-18,37,21056,IN
104,City of Coeur D'Alene,2024-03-12,2024-02-24,1,125,IN
105,City of Greenfield,2024-02-26,,393,394,IN
106,City of Hannibal,2024-03-06,2023-10-19,1,554,IN
107,City of Huber Heights,2024-03-11,2023-11-12,10,2971,IN
108,City of Jacksonville Beach Forida,2024-03-20,2024-01-22,83,48949,IN
109,City of Nashua School District,2024-02-28,2023-03-30,11,9829,IN
110,"City of Pensacola, FL",2024-04-15,2024-03-08,133,82469,IN
111,Civiltech Engineering,2024-01-02,2023-10-20,2,203,IN
112,Clackamas Community College,2024-04-01,2024-01-18,6,8797,IN
113,Clark County School District,2023-12-28,2023-10-04,2,4303,IN
114,"Clearcover, Inc",2024-02-16,2023-11-01,55,385,IN
115,ClearVision Optical,2024-05-02,2024-03-06,2,261,IN
116,"CMTM Holdings, Inc",2024-01-18,2023-08-01,2,1879,IN
117,Coastal Hospice & Palliative Care,2024-01-22,2023-07-09,2,29100,IN
118,"CollisionRight Holdings, Inc",2024-03-25,2023-09-26,17,435,IN
119,Colorado Department of Higher Education,2024-02-15,2023-06-11,3,1205048,IN
120,Columbia Pipe & Supply Co,2024-03-29,2024-02-29,17,242,IN
121,Columbus Aesthetic and Plastic Surgery,2024-02-07,2023-09-19,1,13026,IN
122,Columbus Life Insurance Company,2024-01-19,2023-10-17,5,6842,IN
123,Columbus Regional Health,2024-02-05,2024-02-02,2,2,IN
124,Columbus Regional Hospital,2024-01-15,2024-01-15,1,1,IN
125,Comcast Cable Communications LLC,2024-01-26,2023-10-16,4,2302,IN
126,Commercial Fluid Power,2023-12-28,2023-08-24,55,3178,IN
127,Community School of Naples,2024-02-01,2023-08-29,3,3,IN
128,Community Tri--County Healthcare,2024-01-05,2023-11-03,2,5800,IN
129,"Concord Music Group, Inc",2024-02-01,2022-11-14,31,3131,IN
130,"Conduent State and Local Service, Inc",2024-01-09,2023-01-13,315,2527,IN
131,"Conleasco, Inc",2024-03-22,2023-11-24,1,4059,IN
132,Connecticut College,2024-02-07,2023-03-03,73,34203,IN
133,"Conrade Insurance Group, Inc",2024-02-26,2023-07-14,2,2488,IN
134,Continiental Bank,2024-04-01,2017-02-07,12,1045,IN
135,Continuum Health Alliance LLC,2024-04-29,2023-10-18,34,377119,IN
136,"Corebridge Financial, Inc",2024-02-13,2024-01-27,2,2,IN
137,"CoreLogic, LLC",2024-03-25,,1,10,IN
138,"Corinth Coca-Cola Bottling Works, Inc",2024-03-29,2023-12-16,5,4904,IN
139,County Commissioners Association of Ohio,2023-12-29,2023-11-14,57,25837,IN
140,County of Cumberland,2024-02-14,2023-10-14,1,1948,IN
141,Covanta Holding Corporation,2024-01-24,2023-11-24,8,199,IN
142,"CoVerica, Inc",2024-04-25,2023-11-17,2,1028,IN
143,"Crago, Inc dba PrintingCenterUSA",2024-01-31,2023-09-27,49,3159,IN
144,"Crossroads Equipment Lease & Finance, LLC",2024-02-23,2023-04-01,119,24182,IN
145,CSI Companies Inc,2024-01-30,2023-12-07,2,106,IN
146,"CUSO Financial Services, LP",2024-02-16,2022-07-05,4,25698,IN
147,"Custom Engineering & Fabrication, Inc",2024-01-17,2023-09-28,23,25,IN
148,Cypress Benefits Solutions,2024-01-11,2023-05-17,37,7396,IN
149,Daniel Murphy Scholarship Fund,2024-04-29,2023-09-11,1,527,IN
150,Davidson Hotel Company LLC,2024-02-22,2023-04-03,1,146,IN
151,Davlyn Investments,2024-02-14,2023-11-30,8,864,IN
152,"Dawson James Securities, Inc",2024-01-17,2023-06-29,39,4673,IN
153,"DCO Energy, LLC",2024-02-22,2023-04-22,2,353,IN
154,Decatur Independent School District,2024-03-05,2023-09-04,1,9568,IN
155,DeFur Voran LLP,2024-03-27,2023-12-05,44,49,IN
156,"Deli Management, Inc dba Jason's Deli",2024-01-19,,980,344034,IN
157,Delphinus Engineering Inc,2024-04-10,2023-10-16,6,2232,IN
158,Delta T LLC,2024-04-18,2023-03-16,1,146,IN
159,Demeter LP,2024-01-19,,8,56,IN
160,Designed Receivable Solutions Inc,2024-04-26,2024-01-18,139,498686,IN
161,"Des Moines Orthopaedic Surgeons, P C",2024-01-22,2023-03-15,1,307864,IN
162,Detroit Symphony Orchestra,2024-04-01,2023-09-19,74,6778,IN
163,Devon Bank,2024-01-16,2023-10-24,1,277,IN
164,Diocese of Gaylord,2024-01-12,,1,1677,IN
165,Diocese of Kalamazoo,2024-02-12,,24,1408,IN
166,Diocese of Lansing,2024-01-30,,2,4124,IN
167,Diocese of Marquette,2024-01-22,,1,987,IN
168,Diocese of Sagniaw,2024-02-06,,3,1708,IN
169,"Directive Communication Systems, Inc",2024-05-03,2023-11-05,21,1546,IN
170,Diversified Insurance Industries,2024-04-30,2024-02-26,3,7,IN
171,"Dobson Technologies, Inc",2024-02-15,2022-11-19,6,6158,IN
172,"Dohman, Akerlund & Eddy LLC",2024-05-03,2024-02-28,8,3687,IN
173,"Double Eagel Natural Resources, LP",2024-03-15,2023-11-06,28,9040,IN
174,Douglas County Libraries,2024-03-20,2024-01-13,2,1632,IN
175,"DSI Diversified Solutions, Inc",2024-02-20,2024-12-14,17,17,IN
176,"Duke Energy Indiana, LLC",2024-01-05,2023-12-08,5,7,IN
177,Dunham Trust Company,2024-01-08,2023-12-29,1,18,IN
178,Dunn Hospitality Group Manager,2024-02-16,2024-01-06,190,253,IN
179,"Eastern Aviation Fuels, Inc",2023-12-30,2023-05-31,1,85,IN
180,Eastside Union School District,2024-03-18,2023-05-23,2,3592,IN
181,EBlock Corp,2024-04-08,2023-08-12,2,1997,IN
182,"EdisonLearning, Inc",2023-02-21,2023-03-07,621,23922,IN
183,"EDM Services, Inc",2024-03-07,2023-05-31,1,76,IN
184,Edw. C. Levy Co,2023-12-27,2023-10-29,286,1960,IN
185,"Eland Energy, Inc and Affiliates",2024-03-22,2024-01-19,53,18237,IN
186,Electric Mirror LLC,2024-05-03,,3,1537,IN
187,Element Materials Technology Holding USA Inc,2024-03-05,,1,1,IN
188,"Elemetal, LLC",2024-03-01,2023-08-22,109,13608,IN
189,"ElGuindy, Meyer & Koegel, APC",2024-01-25,2023-05-15,6,5286,IN
190,Elkhorn Valley Rehabilitation Hospital,2024-03-29,2024-01-16,1,198,IN
191,ELO CPAs & Advisors,2024-01-18,2023-03-24,9,15167,IN
192,Emmanuel College,2023-01-31,2023-04-27,58,89064,IN
193,Entegra LLP,2024-02-08,2023-07-11,76,139,IN
194,Enterprise Fleet Management,,2023-10-30,2,149,IN
195,"Epix Healthcare Associates, LLC",2023-12-29,2023-09-23,3,491,IN
196,Ernest Health,2024-03-29,2024-01-16,5,287,IN
197,Estes Express Lines,2023-12-05,2023-09-26,668,21184,IN
198,"Evans and Woulfe Accounting, Inc",2024-03-18,2024-01-07,2,812,IN
199,ExamOne,2023-12-21,2023-12-09,1,1,IN
200,"EyeCare Partners, LLC",2024-03-27,2024-01-12,3,119,IN
201,Fidelity Investments Life Ins Co and Empire Fidelity Investments Life Ins Co,2024-03-01,2023-10-29,342,29073,IN
202,"Fiduciary Outsourcing, LLC",2024-03-19,2023-05-31,68,12543,IN
203,"Financial Business and Consumer Solutions, Inc",2024-04-26,2024-02-14,42675,1955385,IN
204,"Fincantieri Marine Group, LLC",2024-01-05,2023-04-06,31,16769,IN
205,"Finzer Roller, Inc",2024-02-08,2024-02-08,108,1335,IN
206,First Bank of the Lake,2024-02-29,2023-10-08,6,203,IN
207,"First Centruy Bank, N. A",2024-01-13,2023-11-22,1,23,IN
208,"First Financial Security, Inc",2024-01-19,2023-10-17,259,105764,IN
209,"First Hartford Bancshares, Inc DBA First National Bank of Hartford",2024-02-26,2023-05-27,2,5316,IN
210,First Merchants Bank,,2023-11-15,50,54,IN
211,First National Bank of Michigan,2024-04-24,2023-12-11,17,3600,IN
212,Formosa Plastics Corporation USA,2024-04-29,2024-03-05,2,5586,IN
213,"Foundation Building Materials, LLC",2024-01-19,2023-05-01,5,7957,IN
214,"Four Seasons Service & Sales, Inc",2024-03-11,2024-01-17,9,269,IN
215,"Franciscan Alliance, Inc, dba Franciscan Working Well",2024-04-24,2024-03-18,1,1,IN
216,Franciscan Health Michigan City,2024-03-21,2023-09-18,1,1,IN
217,Franciscan Physician Network,2024-01-26,2024-01-05,1,1,IN
218,Francis Howell School District,2024-04-25,2024-02-08,3,6879,IN
219,Frederic W Cook and Co Inc,2024-02-20,2023-05-31,1,143,IN
220,"FRNCIC, LLC",2024-03-25,2023-05-27,394,410,IN
221,Full Circle Electronics US LLC,2024-01-23,2023-12-22,1,524,IN
222,Fullerton Join Union High School District,2024-01-05,2023-11-14,1,2198,IN
223,"Furniture Values International, LLC",2024-01-30,2023-10-25,1,133,IN
224,GardaWorld Cash U S,2024-03-22,2023-10-30,1042,39928,IN
225,Gateway First Bank,2024-02-06,2023-07-24,3,124,IN
226,GC Services,2024-01-25,2023-09-11,30,3043,IN
227,GDI Services Inc,2024-03-11,2023-11-13,482,,IN
228,GEICO Corporation,2024-01-29,2023-05-27,2327,71490,IN
229,George & George Attorneys at Law LLC,2024-04-01,2023-11-06,2,1455,IN
230,George F Young Inc,2024-04-17,2023-10-21,1,1392,IN
231,"Gerson Lehrman Group, Inc",,2023-11-12,1833,,IN
232,Girls Inc of Metropolitan Dallas,2023-01-11,2023-09-16,1,161,IN
233,Glidepath Holdings Inc,2024-03-22,2023-11-02,5,197,IN
234,Godbey Law LLC,2024-01-11,,4,449,IN
235,"Goddard Systems, LLC",2024-04-12,2023-09-08,15,2041,IN
236,"Good Counsel, Inc",2024-02-15,2023-11-25,1,162,IN
237,"Graph Tech, Inc",2024-02-27,2023-04-07,1,524,IN
238,Green Diamond Resource Company,2024-04-19,2023-06-26,50,27896,IN
239,Greensboro College,2024-02-29,2023-08-10,61,52569,IN
240,GreenWaste Recovery LLC dba GreenWaste,2024-04-04,2023-11-22,2,5740,IN
241,Greylock McKinnon Associates,2024-02-23,2023-05-30,25938,341650,IN
242,"Grote Enterprises, LLC",2024-03-29,2023-12-12,131,2417,IN
243,Guido Companies Inc,2024-04-30,2023-06-21,1,2211,IN
244,Gurley Leep Automotive,2024-04-04,2024-02-14,1,2,IN
245,Guy's Floor Service Inc,2024-04-30,2024-03-25,2,4010,IN
246,"Hair Club for Men, Ltd., Inc",2024-01-12,2023-10-17,57,4334,IN
247,HairUWear Inc,2024-03-11,2023-10-06,1,431,IN
248,Hair Zone Inc,2024-02-09,2023-04-01,88,5455,IN
249,HALO Branded Solutions,2024-03-28,2302-11-22,95,7305,IN
250,"Hamilton Investment Group, LLC",2024-01-18,,4,1544,IN
251,Harris Beach PLLC,2024-02-21,2023-10-24,13,486,IN
252,Harrison County Hospital,2024-02-29,2024-02-29,1,1,IN
253,Hartley Tax & Accounting LLC,2024-03-25,2024-03-25,28,38,IN
254,"Haverford Township, PA",2024-04-02,2023-04-16,6,34840,IN
255,"Health Alliance Medical Plans, Inc",2024-02-05,2023-08-21,46,6904,IN
256,HealthEC LLC filing on behalf of its Covered Entity Client(S),2023-12-22,2023-07-14,18,112005,IN
257,Hendry Regional Medical Center,2024-03-12,2022-08-25,103,49514,IN
258,"Hess, Bower, Adams-Hess, PC",2024-02-19,2023-06-28,1,61,IN
259,Hill Mechanical Corp,2024-04-15,2024-11-16,470,3881,IN
260,Hitachi Energy USA Inc,2024-03-07,2024-02-22,13,6604,IN
261,"Homeaglow, Inc",2024-03-22,2023-12-17,27,1556,IN
262,Hotta Liesenberg Saito LLP,2024-04-25,2023-12-19,2,10,IN
263,Houser LLP,2024-02-28,2023-05-07,7308,326386,IN
264,Housing Authority of the County of San Bernardino,2024-01-02,2023-05-19,21,18689,IN
265,"HSD Operations, Inc",2023-12-29,2023-09-13,327,3522,IN
266,Hurst Limontes LLC,2023-12-11,,2,2,IN
267,IATSE Staff Retirement and National Pension Funds,2023-09-21,2023-05-29,73,,IN
268,Illinois Finance Authority,2023-12-27,2023-11-04,1,33,IN
269,Indiana Family & Social Services Administration,2024-03-07,,3,3,IN
270,Indiana Family & Social Services Administration,2024-04-10,2024-04-05,1,1,IN
271,Indiana Housing and Community Development Authority,,2024-03-05,1,1,IN
272,Indiana Kentucky Ohio Regional Council of Carpenters,2024-03-29,2023-10-17,13640,37579,IN
273,Indiana University,2024-02-16,,6,7,IN
274,"Indiana University Health, Inc",2024-02-19,2023-12-22,1,1,IN
275,Indiana Wesleyan University,,2024-01-06,75,88,IN
276,Indigo Sky Casino and Resort and Outpost Casino,2024-01-10,2023-09-27,16,17811,IN
277,"Info Tech, Inc dba Infotech",2024-01-10,2023-05-31,1,355,IN
278,Innovative Automation Inc,2024-04-05,2024-01-06,9,97,IN
279,Insomniac Games,2024-02-22,2023-11-21,3,1683,IN
280,Institute of Food Technologists,2024-02-28,2023-04-25,28,4945,IN
281,Insurance Providers Group,2024-01-12,2023-04-04,111,19146,IN
282,Integral Federal Inc,2024-04-25,2023-02-11,5,1724,IN
283,Inteplast Group,2024-05-02,2024-03-05,125,7717,IN
284,International Center of Photography,2024-02-28,,6,5985,IN
285,"International Cooling Tower USA, Inc",2024-01-11,2023-11-01,83,5153,IN
286,"International Shoppes, LLC",2024-02-08,2023-11-16,1,5183,IN
287,"Intoximeters, Inc",2024-02-06,2023-06-22,1,150,IN
288,Intuit Inc,2024-05-01,2023-11-01,2,2,IN
289,Intuit Inc,2024-03-15,2023-06-04,4,4,IN
290,Intuit Inc,2024-01-12,2023-01-24,2,2,IN
291,Intuit Inc,2024-02-28,2023-01-14,1,1,IN
292,ISBA Mutual Insurance Company,2024-01-30,2023-09-28,2,328,IN
293,J B Poindexter & Co Inc etal,2024-04-26,2024-04-04,1653,20000,IN
294,"Jeff Wyler Automotive Family, Inc",2024-02-13,2023-05-27,5070,76038,IN
295,"Johnson Matthey, Inc",2024-03-18,2020-01-01,29,6095,IN
296,Jordano's Inc,2024-03-18,2024-02-25,1,2413,IN
297,"Joseph Vita, Investment Advisor Representative",2024-05-01,2024-01-12,1,156,IN
298,JPMorgan Chase Bank NA,2024-04-18,2021-08-26,13259,451809,IN
299,"Kahua, Inc",2023-12-15,2023-10-25,6,585,IN
300,Kenneth Young Center,2024-04-08,2024-03-06,6,850,IN
301,Kent County Community Mental Health Authority dba Network180,2023-12-22,2023-09-28,18,59334,IN
302,Kestra Financial,,2024-01-10,37,,IN
303,King Aerospace,2024-02-28,2023-12-05,3,727,IN
304,Kisco Senior Living LLC,2023-04-17,2023-06-01,27,26663,IN
305,Knight Barry Title Inc,2023-01-31,2023-07-25,205,44910,IN
306,Koki Holdings America,2024-01-22,2023-11-10,1,385,IN
307,"Krystal BioTech, Inc",2024-01-30,2023-11-16,4,598,IN
308,"Kutchins, Robbins & Diamond, Ltd",2024-02-26,2023-05-24,87,7154,IN
309,Lafayette Life Insurance Company,2024-01-19,2023-10-17,1,209,IN
310,Lafayette Regional Rehabilitation Hospital,2024-03-29,2024-01-16,228,229,IN
311,Lakeview Loan Serviceing LLC,2024-03-20,2024-01-09,1,12,IN
312,Lamont Hanley & Associates,2024-05-02,2023-08-16,7,11484,IN
313,Lane Gorman Trubitt LLC,2024-04-30,,5,1521,IN
314,"Launch Servicing, LLC",2024-01-11,2023-05-30,2,,IN
315,Lawrence Technological University,2024-03-19,2020-08-01,2,1499,IN
316,"Leezer Insurance Agency, Inc",2024-02-26,2023-11-23,7,502,IN
317,Lewis and Clark College,2024-03-22,2023-03-03,91,48799,IN
318,"Liberty Title Agency, Inc",2024-01-10,2023-05-04,2,38,IN
319,Liberty University,2024-04-29,,58,5434,IN
320,LMG Holdings Inc,2024-04-09,2024-01-29,1,1600,IN
321,"loanDepot.com, LLC",2024-02-23,2024-01-03,302021,16924071,IN
322,Lotz Trucking Inc,2024-04-22,2024-03-25,1,227,IN
323,Lowry Financial Services,2024-02-29,2023-06-23,2,816,IN
324,"Luihn VantEdge Partners,LLC",2024-02-12,2023-05-31,1,1775,IN
325,M&D Capital Premier Billing LLC,2024-03-21,2023-07-08,22,284326,IN
326,Macfarlane Ferguson & McMullen,2024-02-09,2023-03-08,26,19620,IN
327,Madison County,2024-04-25,2024-03-21,2,959,IN
328,Mana Products Inc,2024-04-29,2023-09-02,2,2470,IN
329,Manzo & Associates P A,2024-05-01,2023-11-08,2,139,IN
330,"Marathon Coach, Inc",2024-01-03,2023-06-22,1,704,IN
331,Martin's Inc,2024-03-07,2024-02-10,3,4573,IN
332,"Marvel Consultants, Inc",2024-01-10,2023-06-16,9,593,IN
333,Massachusetts Mutual Life Insurance Company,2024-04-26,2024-02-13,15,5577,IN
334,Massachusetts Mutual Life Insurance Company,2024-03-21,2023-11-02,141,11744,IN
335,Matthews International,2024-02-17,2024-01-09,146,1846,IN
336,Maxxis International - USA,2024-01-12,2023-05-29,64,1100,IN
337,Mayo Clinic,2024-01-18,2023-05-28,1,455,IN
338,McAlvain Companies Inc,2024-04-04,,2,,IN
339,"McCarthy Fingar, LLP",2023-12-22,2023-04-06,3,1216,IN
340,"McKim & Creed, Inc",2024-02-28,2023-12-15,8,1376,IN
341,"Medical Management Resource Group, LLC, dba American Vision Partners",2024-02-15,2023-11-14,2281,2264157,IN
342,"medQ, Inc",2024-02-23,2023-12-20,11,54353,IN
343,"Merrill Technologies Group, Inc",2024-01-30,2023-11-12,8,504,IN
344,Meyer Unkovic & Scott LLP,2024-04-26,2023-09-19,1,520,IN
345,Michael D Whalen DBA C and M Properties,,2024-04-05,35,35,IN
346,Michigan Catholic Conference,2024-02-01,,67,12652,IN
347,Midwest Hardwood Company LLC,2024-02-07,2023-07-05,4,373,IN
348,MIke Ferry Organization,2024-04-16,2023-12-18,3,243,IN
349,"Mississippi Children's Home Society, CARES Center, Inc, Mississippi Children's",2024-04-11,2023-04-04,13,19190,IN
350,Molen & Assocates,2024-04-05,2023-10-05,1,4294,IN
351,Monmouth College,2024-03-04,2022-12-06,817,44737,IN
352,Moore Co Inc,2024-04-25,2023-11-02,2,1021,IN
353,"Multi-Fineline Electronis, Inc",2024-02-08,2022-12-01,5,5103,IN
354,Muscatine Power and Water,2024-03-01,2024-01-26,129,36955,IN
355,Music Institute of Chicago,2024-01-10,2023-11-15,2,605,IN
356,"MyLong IO, Inc dba Opus Match",2024-03-08,2023-11-11,6,133,IN
357,NALS Apartment Homes LLC,2024-03-05,2023-12-02,5,7509,IN
358,"National Advisors Holdings, Inc",2024-02-02,2023-04-17,740,14043,IN
359,National Association of Home Builders,2024-02-16,2023-05-16,18,2020,IN
360,National Board of Osteopathic Medical Examiners,2024-01-31,2023-02-04,32,4310,IN
361,National Cable Communications LLC dba Ampersand,2023-03-15,2023-09-26,14,2869,IN
362,National Nail Corp,2024-02-09,2023-11-10,17,1146,IN
363,National Right to Work Legal Defense and Education Fdn Inc aka National Right to,2024-01-17,2023-11-10,1,121,IN
364,"National Vision, Inc",2023-12-15,,47,1740,IN
365,Nations Direct Mortgage LLC,2024-03-06,2023-12-30,259,83108,IN
366,"Nautic Partners, LLC",2023-01-12,2023-02-23,62,7870,IN
367,Neurosurgical Associates of New Jersey,2024-11-11,2023-08-15,7,32156,IN
368,"NewGen Administrative Services, LLC",2024-02-23,2023-09-13,20,105425,IN
369,"New-Indy Containerboard, LLC",2024-03-07,2023-11-25,719,874,IN
370,Newton Public Schools,2024-03-15,2023-03-23,9,10545,IN
371,NICO Corporation,2024-01-17,,26,74,IN
372,North American Signs,2024-04-24,2024-02-28,321,473,IN
373,"Northeast Orthopedics and Sports Medicine, PLLC",2024-03-05,2023-11-22,24,177276,IN
374,"Northern Virginia Oral, Maxillofacial & Implant Surgery",2023-03-28,2023-10-03,1,5568,IN
375,"Northgate Environmental Management, Inc",2024-02-29,2023-03-25,1,404,IN
376,"North Hill communities, Inc, North Hill Home Health Care Inc, connected for Life",2024-02-14,2023-12-19,1,4788,IN
377,Notions Marketing Corporation,2024-04-29,2024-01-31,36,5738,IN
378,"O'Daniel Automotive, Inc",2024-03-07,2023-05-31,72,73,IN
379,Oak View Group,2024-01-08,2023-11-09,145,58395,IN
380,Oceaneering International Inc,2024-03-01,2024-01-01,5,1776,IN
381,One Stop Financial Services,2024-01-09,2023-09-22,1,1179,IN
382,On Q Financial,2024-03-29,2024-02-21,587,211650,IN
383,Orbus Visual Communications LLC,2024-02-16,2023-10-30,7,458,IN
384,Organized Living,2024-04-04,2024-03-13,913,1061,IN
385,Original Footwear Co,2024-04-03,2024-02-02,2,1333,IN
386,Otolaryngology Associates LLC,2024-04-02,2024-02-16,313371,316802,IN
387,"Our Sunday Visitor, Inc",2024-04-01,2024-01-17,8,9,IN
388,"Pacific Guardian Life Insurance, Limited",2024-04-05,2024-08-25,297,167103,IN
389,"Palmer Trucks, Inc",2024-01-12,2023-05-27,518,739,IN
390,Paul Stuart Inc,2024-04-23,2023-10-26,3,2288,IN
391,"Payroll Select Services, LLC",2024-03-28,,53,17337,IN
392,"PCTEL, Inc",2024-02-29,2023-11-04,5,1110,IN
393,Peaden LLC,2024-03-01,2023-12-04,3,1665,IN
394,Pella Windows & Doors of Oklahoma dba The Womble Company,2024-03-01,2023-11-07,1,,IN
395,Pembina County Memorial Hospital,2024-03-25,2023-03-07,18,23451,IN
396,Permian Resources Corporation,2024-03-25,2023-12-08,9,1926,IN
397,PFI,2024-04-05,2024-03-02,1,57,IN
398,PG Publishing Company,2024-03-08,2023-07-06,28,5027,IN
399,"PharmScript of IN, LLC",2024-01-22,2024-01-03,35,38,IN
400,"PHASTAR, Inc",2024-01-23,2023-12-07,2,87,IN
401,Planet Home Lending LLC,2024-01-25,2023-11-15,6292,284974,IN
402,Plymouth Tube Company,2024-03-13,2024-01-27,489,4805,IN
403,"PME of Ohio, Inc",2024-04-12,2023-11-15,21,1067,IN
404,Pond & Company,2024-02-15,2023-03-29,8,1495,IN
405,Portage Township Schools,2024-01-30,2023-09-08,3011,3107,IN
406,Precision Tune Auto Care Inc,2024-03-13,2024-01-07,212,,IN
407,Premier Staffing Inc dba Cadre,2024-02-29,2023-09-19,1,1567,IN
408,Premium Mortgage Corporation,2024-01-10,2023-08-24,99,10835,IN
409,"Pressco Technologies, Inc",2024-03-08,2024-02-17,1,359,IN
410,"Prestige Care, Inc",2023-01-31,2023-09-07,8,30087,IN
411,Prince George's County Public Schools,2024-02-14,2023-08-03,35,99543,IN
412,"Proessional Compounding Centers of America, Inc",2023-02-01,2023-12-02,1,316,IN
413,"Quaker Window Products, Co",2024-01-17,2023-11-25,3,1408,IN
414,"Quality Service Installation, Inc",2023-12-27,2023-09-21,101,785,IN
415,R1 RCM Inc,2024-03-11,2023-01-30,4,16121,IN
416,"Rachas, Inc DBA Chuze Fitness",2024-01-18,2023-11-25,4,4249,IN
417,Rapattoni Corporation,2024-05-01,2023-03-09,2,4115,IN
418,Rapid Granulator Inc,2024-04-09,,3,42,IN
419,Rathbone Group LLC,2024-02-14,2023-11-17,2,874,IN
420,"Red Dot Storage, LLC",2024-03-08,2023-08-11,4,27,IN
421,"Reebie Storage & Moving, Inc",2024-03-21,2023-10-25,3,805,IN
422,Rensselaer Poltechnic Institute,2024-02-01,2020-08-01,2,1799,IN
423,Renton School District,2024-02-29,2023-07-13,7,30373,IN
424,"Reyes Automotive Group II, LLC",2024-03-25,2023-04-17,1,1705,IN
425,"RHD Tire, Inc",2024-02-20,2023-08-02,23,218,IN
426,Rhoades Levy Law Group P. C,2024-01-05,2023-08-09,5,290,IN
427,"Ricardo Defense, Inc",2024-01-22,2023-10-16,5,1149,IN
428,Ridge Vineyards,2024-03-29,2023-11-15,1,857,IN
429,Riverview Health,2024-04-03,2024-02-24,1,1,IN
430,"Riverview Hospital Foundation, Inc dba Riverview Health Foundation",2024-02-26,2023-11-25,278,284,IN
431,Robert Weed Corporation,2024-02-05,2023-11-16,2,2,IN
432,Rocky Mountain University of Health Professions,2024-01-12,2023-04-28,15,1964,IN
433,Roku Inc,,2023-12-28,273,15363,IN
434,Roof Management LTD,2024-01-05,2023-09-28,2,156,IN
435,"Rosen's Inc and Rosen's Diversified, Inc",2024-01-26,2023-11-21,78,,IN
436,Sage Home Loans Corp dka Lenox Financial Mortgage Corp dba Weslend Financial,2023-02-02,2023-12-05,186,27746,IN
437,Saint Louis University,2024-03-15,2022-12-23,1,93612,IN
438,Sanchez Daniels Hoffman LLP,2024-04-26,2023-05-01,60,3938,IN
439,"Sanford Pierson Thone & Strean, PLC",2024-03-28,,1,3100,IN
440,Schuster Company,2024-03-19,2024-01-23,73,3532,IN
441,"Schwab Stock Plan Services, Inc",2023-12-29,2023-12-01,1,82,IN
442,"Science Systems and Applications, Inc",2024-02-09,2024-01-01,2,1051,IN
443,Select Education Group,2024-03-20,2024-01-08,29,67097,IN
444,ServiceLink,2024-03-01,2024-02-22,1,1,IN
445,"Servicelink, LLC",2024-02-27,2024-02-23,1,1,IN
446,"Servicelink, LLC",2024-02-28,2024-02-23,1,1,IN
447,Seymour Midwest,2024-01-16,2023-11-17,1137,1738,IN
448,Shah Dixit & Associates P C,2024-03-07,2023-12-22,9,3494,IN
449,"Signature Performance, Inc",2024-02-09,2024-01-17,7,7122,IN
450,"Sigrist, Cheek, Potter & Huyser, PLLC",2024-01-24,2023-07-06,6,1734,IN
451,Simpson Strong-Tie Co Inc,2024-03-19,2023-10-09,107,5570,IN
452,"Singing River Health System and its wholly owned subsidiary, Singing River Gulfp",2024-01-11,2023-08-19,240,252890,IN
453,"SinglePoint Outsourcing, Inc",2024-02-08,2023-11-08,40,5175,IN
454,"Sirius Federal, LLC",2024-01-19,2023-07-31,9,3266,IN
455,Skender Construction LLC,2024-04-05,2024-02-15,70,1067,IN
456,Skokie School District #69,2024-03-08,2023-08-21,3,2120,IN
457,"Software Systems, Inc",2024-02-07,2023-09-29,12064,12615,IN
458,"Solve Group Holdings, l P",2024-02-09,2023-09-27,1,59,IN
459,South St. Paul Public Schools,2024-04-05,2024-02-29,1,1852,IN
460,Southwest Binding & Laminating Co,2024-03-27,2024-01-28,3,341,IN
461,"Southwest Boston Senior Services, Inc dba Ethos",2024-03-22,2023-11-17,1,13418,IN
462,SouthWood Corporation,2024-04-25,2024-02-26,1,4,IN
463,"Spartan Light Metal Products, Inc",2024-01-16,2023-05-30,1,1652,IN
464,"Spaulding Clinical Research, LLC",2024-03-01,2023-11-08,3,884,IN
465,St. Johns River Water Management District,2024-02-05,2023-11-01,1,1444,IN
466,St. Lucie County Tax Collector's Office,2023-12-28,2023-10-16,24,22403,IN
467,"Standard Laboratories, Inc",2024-01-02,2023-05-31,43,705,IN
468,Stanford University,2024-03-11,2023-05-12,20,27000,IN
469,Starved Rock Wood Products LLC,2024-05-01,2023-12-04,25,965,IN
470,State Farm Mutual Automobile Insurance Company,2024-05-02,2024-04-24,1,1,IN
471,"State Street, et al",2024-02-01,2023-05-27,15,1136,IN
472,STG Logistics,2024-01-15,2023-05-18,1,48,IN
473,St Mary's Healthcare System for Children Inc,2024-03-20,2023-11-09,2,5650,IN
474,St Marys Cement U S LLC,2024-03-04,,767,5862,IN
475,"Stratagen Systems, Inc",2024-02-28,2023-05-16,1,483,IN
476,Sun Taiyang Co. Ltd,2024-02-09,2023-04-01,35,1860,IN
477,Sunway Hospitality LLC,2024-03-01,2023-08-03,3,1427,IN
478,"Superior Performers, LLC",2024-02-27,2023-11-14,45,2323,IN
479,"Superior Steel Supply, LLC",2024-02-02,2024-01-19,15,192,IN
480,Super Wash Inc,2024-05-03,2024-01-18,810,3280,IN
481,"Sycamore Rehabilitation Services, Inc",2023-03-01,2023-07-29,3225,3414,IN
482,Synergy Hotel Inc,2024-04-24,2023-07-01,1,9211,IN
483,Sysmex America Inc,,,25,2337,IN
484,Taft Stettinius & Hollister LLP,2024-04-18,2023-10-17,89,5980,IN
485,Tandym Group LLC,2024-04-05,2023-05-18,13,13802,IN
486,Tasteful Selections LLC,2024-04-10,2023-11-21,1,296,IN
487,Tax Favored Benefits,2024-02-14,2022-11-29,6,10974,IN
488,"TBM Consulting Group, Inc",2023-12-27,2023-12-01,9,298,IN
489,Teachers Insurance and Annuity Association of America,2023-11-28,2023-11-16,1,1,IN
490,Teleflora,2024-03-13,2024-11-09,221,,IN
491,"The 1911 Trust Company, LLC",2024-01-29,2023-05-31,1,19,IN
492,The Bernstein Companies,2024-02-12,2023-12-29,78,2316,IN
493,The Biltmore Company LLC,2024-03-15,2023-12-05,286,11530,IN
494,The Board of Regents of the University System of Georgia,2024-04-19,2023-05-28,725,800000,IN
495,"The City of Salina, Kansas",2024-03-18,2023-10-19,3,1160,IN
496,The Elephant Sanctuary in Tennessee,2024-04-01,2023-11-25,2,80,IN
497,"The Fountan Group, LLC",2023-12-13,2023-10-11,3,390,IN
498,The Global Atlantic Financial Group LLC,2024-04-02,2023-11-02,28,1234,IN
499,The Lagunitas Brewing Company,2024-04-26,2024-03-06,17,2979,IN
500,The Law Firm of Friedman & Bartoumian,2024-03-25,2022-10-26,1,,IN
501,The Lawrence Firm,2024-03-27,2023-07-20,2,312,IN
502,The Lincoln National Life Insurance Company,2024-04-24,2024-02-15,1,11,IN
503,The Lincoln National Life Insurance Company,2024-01-05,2023-12-06,1,1,IN
504,"The May Institute, Inc",2024-04-01,2023-12-04,13,12619,IN
505,The Metraflex Company,2024-02-13,2023-08-27,13,1162,IN
506,The National Right to Work Committee,2024-01-17,2023-11-10,1,323,IN
507,The Northwestern Mutual Life Insurance Company,2024-02-16,2023-10-29,549,24518,IN
508,The Northwestern Mutual Life Insurance Company,2024-03-01,2023-10-29,1397,62656,IN
509,The Northwestern Mutual Life Insurance Company,2024-02-07,2023-10-29,18,887,IN
510,The Philadelphia Inquirer PBC,2024-04-29,2023-05-11,75,25549,IN
511,The Pifer Group,2024-03-21,2023-08-04,17,8148,IN
512,The Professional Alternative,2024-01-18,2023-05-27,1,89,IN
513,The Prudential Insurance Company of America,2024-03-29,2024-02-04,783,36545,IN
514,The Roman Catholic Diocese of Phoenix,2024-04-15,2024-01-17,96,23853,IN
515,The Rudman Winchell Law Firm,2024-03-13,2023-02-02,16,11327,IN
516,The Sheffield Group and Sheffield Risk,2024-02-06,2023-04-21,16,60002,IN
517,The Variable Annuity Life Insurance Company,,2023-09-24,1,62,IN
518,The Variable Annuity Life Insurance Company,,2024-02-20,1,1,IN
519,The Wladis Law Firm,2023-01-19,2023-09-14,1,1121,IN
520,The Woodlands Methodist Church,2024-03-27,2023-03-29,3,2495,IN
521,The Woodson Center,2024-02-14,2023-11-25,2,58,IN
522,"Timex Group USA, Inc",2024-01-29,2023-06-01,11,3085,IN
523,"TJ Enterprises, Inc",2024-02-02,,10,10,IN
524,Township of Montclair,2024-04-19,2023-05-22,3,17835,IN
525,Transamerica Life Insurance Company,,2023-03-06,1256,168225,IN
526,Transformative Healthcare,2023-12-27,2023-02-17,438,911757,IN
527,"Transition Finance Strategies, LLC dba Blue Ridge ESOP Associates",2024-01-29,2023-11-15,1,347,IN
528,Transportation Services Inc,2024-02-29,2023-12-29,1,355,IN
529,"Trendium Pool Products, Inc",2024-02-08,2023-11-20,13,234,IN
530,Tri-City Healthcare District,2024-04-04,2023-11-08,10,7847,IN
531,Trico Enterprises LLC,2024-01-23,2023-07-21,25,321,IN
532,Tri Delta,2024-04-01,2024-03-04,6,448,IN
533,Trinity Universal Insurance Company,2024-02-09,2023-07-07,329,76470,IN
534,TRISTAR Insurance Group,2024-02-01,2022-11-04,499,35120,IN
535,T Y Lin International Group Ltd,2024-02-20,2023-07-27,21,2389,IN
536,"U-Haul International, Inc",2024-02-22,2023-07-20,968,57177,IN
537,UKG Inc,2024-01-05,2023-06-23,5,45966,IN
538,"Ultra Electronics Advanced Tactical Systems, Inc",2024-03-15,2023-11-01,2,286,IN
539,"United Actuarial Services, Inc",,,8,9,IN
540,"United Seating and Mobility, LLC, dba Numotion",2024-04-15,2024-02-29,83,410,IN
541,United Service Companies,2024-02-16,2023-10-14,192,3013,IN
542,United States Med Supply,2024-01-12,2023-11-13,6,316,IN
543,UNITE HERE,2024-02-23,2023-10-20,5681,791273,IN
544,US #1364 Federal Credit Union,2024-03-26,2024-02-21,12657,14275,IN
545,Valley Mountain Regional Center,2024-04-19,2023-08-01,31,54286,IN
546,Valley Oaks Health,2024-03-18,2023-06-08,14966,50352,IN
547,Valley Veterinary Clinic LLC,2024-04-23,2024-02-04,565,25969,IN
548,Vantage Aging,2023-01-12,2023-09-13,1,5,IN
549,"Veolia North America, Inc",2024-02-09,2024-01-09,17,9894,IN
550,Vericast Digital Corp,2024-01-10,2023-05-27,39,1378,IN
551,Verizon Communications Inc,2024-02-07,2023-09-21,353,63206,IN
552,Village of Skokie,2024-01-16,2023-12-18,33,3455,IN
553,Village of Thornton,2024-04-18,2024-01-19,13,80,IN
554,"Virgin Hotels North America, LLC",2024-03-01,2023-08-31,26,4634,IN
555,Virginia Farm Bureau Mutual Insurance Company,,2022-10-16,158,261187,IN
556,Virginia Union University,2024-05-01,2023-02-13,191,97568,IN
557,Visionary Integration Professionals,2024-04-15,2023-09-21,5,3433,IN
558,"Viterra USA Grain, LLC",2024-01-16,2024-01-11,4,8,IN
559,Volgelpohl Fire Equiqment,2024-01-22,,13,51,IN
560,Von Tobel Corporation,2024-03-08,,302,308,IN
561,Walmart Inc,2024-02-23,2023-12-03,4,204,IN
562,Walmart Inc,2024-04-05,2023-09-01,9,361,IN
563,Washington County Hospital and Nursing Home,2024-02-07,2023-12-24,17,31125,IN
564,Washington National Insurance Company,2024-01-26,2023-11-28,417,20360,IN
565,"Waystar, Inc",2023-12-20,2023-10-24,8,1706,IN
566,Webcor,2024-01-02,2023-10-22,1,151,IN
567,Welch Packaging Inc,2024-05-07,2024-02-19,37,81,IN
568,WERCS dba Wyoming Financial Group,2024-03-13,2023-12-13,2,6526,IN
569,Western National Group,2024-03-01,,5,9505,IN
570,Western New York Independent Living Inc,2024-03-19,2023-10-12,1,2419,IN
571,White Oak Partners LLC,2024-03-22,2024-02-23,1,241,IN
572,Whitewater Valley REMC,2024-01-26,,24,27,IN
573,Whitley Penn,2024-01-29,2023-09-05,1,729,IN
574,Wilcac Life Insurance Company,2024-02-16,2023-11-29,2,405,IN
575,William Jewell College,2024-01-29,2023-08-18,13,4665,IN
576,Woodruff-Sawyer & Co,2024-03-04,2024-01-20,155,3087,IN
577,Woodsville Guaranty Savings Bank,2024-01-05,2023-05-27,3,2483,IN
578,Wysocki Family of Companies,2024-04-03,2023-11-21,6,2160,IN
579,Yesway,2024-01-24,2023-05-29,3,5822,IN
580,York County School of Technology,2024-04-05,2023-04-26,3,30914,IN
581,Zai Lab (US) LLC,2023-12-22,2023-11-25,3,185,IN